<addon id="plugin.video.1channel" version="4.0.07" name="PrimeWire" provider-name="k3l3vra">
    <requires>
        <import addon="xbmc.python" version="2.1.0"/>
        <import addon="script.module.urlresolver" version="3.0"/>
        <import addon="script.module.addon.common" version="2.0.0" />
        <import addon="script.module.metahandler" version="2.6.0" />
        <import addon="script.module.myconnpy" version="1.1.6" />
        <import addon="script.module.axel.downloader" version="0.2.0" optional="true"/>
		<import addon="repository.kodibae" />
		<import addon="repository.xbmchub" />
		<import addon="plugin.program.indigo" />
    </requires>
    <extension point="xbmc.python.pluginsource" library="default.py">
        <provides>video</provides>
    </extension>
    <extension point="xbmc.service" library="service.py" start="startup">
    </extension>
    <extension point="xbmc.addon.metadata">
        <summary>Browse PrimeWire.is</summary>
        <description>Play a wide selection of movies and TV shows from PrimeWire.is.
***This addon is supported at [COLOR blue]www.tvaddons.co[/COLOR], [COLOR white][B]NOT[/B][/COLOR] [COLOR red]kodi.tv[/COLOR]. ***
        </description>
        <platform>all</platform>
        <website>https://www.tvaddons.co/</website>
		<forum>https://www.tvaddons.co/forums</forum>
    </extension>
</addon>